{"theta0": 8499.581911395382, "theta1": -0.021448918828034853}